YEAR,age_group,rate,n_person_months
2019,16-24,0.5616233854805693,147925
2019,25-54,0.8268739220014183,534395
2019,55-64,0.6568392541440669,197998
2019,65+,0.20662798555231496,264125
2020,16-24,0.5374930674671992,128693
2020,25-54,0.8154764729432363,469743
2020,55-64,0.651557473262673,178894
2020,65+,0.19888574549657911,252515
2021,16-24,0.5546194316292072,129754
2021,25-54,0.8158023996608353,475420
2021,55-64,0.6493992678254684,173600
2021,65+,0.1919926710601748,255620
2022,16-24,0.5584759457746261,123378
2022,25-54,0.8252297803720375,452130
2022,55-64,0.6543932189229116,163664
2022,65+,0.1968592534989651,252587
2023,16-24,0.5680945385585214,121731
2023,25-54,0.8348054402173455,440411
2023,55-64,0.6589653561211575,157430
2023,65+,0.19668383763213035,255328
2024,16-24,0.5628477155997051,121702
2024,25-54,0.8367612310866263,438839
2024,55-64,0.6634775834085643,153434
2024,65+,0.19884909265242084,257230
