YEAR,MONTH,age_group,n,population,labor_force,rate,share
2019,1,16-24,12543,37798946.9966999,20316233.127,0.5374814575859413,0.14637167783007365
2019,1,25-54,45465,126196430.01770046,104316727.84250027,0.8266218610769629,0.48867983543216115
2019,1,55-64,17013,42165077.999000154,27625290.095799893,0.65516990378756,0.16327897211232933
2019,1,65+,22160,52079032.00390069,10609152.036899952,0.20371254281579834,0.20166951462543592
2019,2,16-24,12408,37786968.99789999,20583213.024700023,0.5447172284668806,0.14623889823310698
2019,2,25-54,44858,126217494.00950024,104427417.61240043,0.827360885524635,0.4884728188365384
2019,2,55-64,16896,42180981.00279967,27775688.01730003,0.6584884314439363,0.16324411170908823
2019,2,65+,21946,52206607.99819941,10873358.495599983,0.20827552128985286,0.20204417122126644
2019,3,16-24,12153,37773436.00180002,20721832.518799994,0.5485821442828905,0.146104707169236
2019,3,25-54,44545,126234224.97670008,104230770.82770032,0.8256934349376241,0.48826414610726265
2019,3,55-64,16521,42195893.99619976,27607729.423700124,0.6542752578292695,0.16321043009603645
2019,3,65+,21482,52333194.002499774,10704335.64410002,0.20454198999565573,0.202420716627465
2019,4,16-24,12470,37761997.9973001,20303916.97880001,0.537681215391508,0.14597232351435221
2019,4,25-54,45231,126257025.99750063,103897038.04150099,0.8229010403235517,0.488057635249725
2019,4,55-64,16646,42212357.00479981,27730520.810900107,0.656928984272235,0.1631755775594429
2019,4,65+,21862,52461480.00419985,10601116.140899973,0.2020742865060477,0.20279446367647985
2019,5,16-24,12199,37749569.00180002,20919209.343399845,0.5541575677963991,0.14582936072852767
2019,5,25-54,44401,126281922.00919974,103904209.81660049,0.8227956002208375,0.4878363500598714
2019,5,55-64,16369,42229428.993199974,27606633.653999712,0.6537297404245056,0.16313538927333068
2019,5,65+,21599,52600319.0029004,10725219.94440002,0.2039002832627047,0.20319889993827026
2019,6,16-24,12413,37738299.99409998,22652565.758500114,0.6002540061964006,0.1456867875352828
2019,6,25-54,44426,126310558.0075991,103691624.6650993,0.8209260278848661,0.487615484290311
2019,6,55-64,16334,42247701.9940996,27645211.764200147,0.6543601298849612,0.16309510458156823
2019,6,65+,21583,52740656.98559998,10516104.923700016,0.19939275550873922,0.20360262359283784
2019,7,16-24,12345,37728659.004899874,23565999.147300147,0.624617989847972,0.14554414721765227
2019,7,25-54,43662,126344725.00770168,103475218.34050126,0.818991203108746,0.4873943506528169
2019,7,55-64,16312,42267920.9972002,27824087.553300027,0.658279065940884,0.16305505359736355
2019,7,65+,21739,52883540.002199985,10985385.604400018,0.207727879108377,0.20400644853216734
2019,8,16-24,12520,37730412.9978,22003032.220700026,0.5831643619162872,0.14543470989294321
2019,8,25-54,44643,126357705.98490214,104287895.6069009,0.8253386273043113,0.4870552653034458
2019,8,55-64,16483,42279355.992799975,27768319.658699952,0.6567819922192949,0.1629689522251417
2019,8,65+,21952,53064492.988500126,11000262.78279997,0.20729987536456615,0.2045410725784694
2019,9,16-24,12441,37731947.00740005,21100711.716499977,0.5592266869335333,0.14532539409477277
2019,9,25-54,44355,126369989.01069967,104946438.38160034,0.8304696328866071,0.4867166926511984
2019,9,55-64,16306,42290564.002099946,28057714.163699664,0.6634509334589733,0.1628830041261863
2019,9,65+,22029,53245171.99459955,11084718.697900008,0.20818260666007968,0.2050749091278426
2019,10,16-24,12190,37733609.006999984,21164291.99209994,0.5608870327822006,0.1452159118172478
2019,10,25-54,44498,126382876.00649928,105307924.58739918,0.8332451983604463,0.48637819334920557
2019,10,55-64,16336,42302074.01509966,27903590.87390012,0.6596270164895456,0.16279742149031712
2019,10,65+,22542,53426306.00580037,11282891.712800026,0.21118607211164983,0.20560847334322957
2019,11,16-24,12099,37726225.000000104,20641726.70110007,0.547145300148637,0.1450896862254081
2019,11,25-54,44222,126395882.99370058,105419326.74839927,0.8340408267384251,0.48610055747001885
2019,11,55-64,16425,42308926.0004997,27762038.46960015,0.6561745024979423,0.16271410134320344
2019,11,65+,22627,53588999.003799796,11374407.249200061,0.21225265372830615,0.20609565496136967
2019,12,16-24,12144,37716600.99970012,20426014.9485,0.5415656344181811,0.14496280368679468
2019,12,25-54,44089,126401893.99170133,105432164.3058013,0.8341027256500068,0.48582248820628665
2019,12,55-64,16357,42313652.9947998,27707195.42009992,0.6548050914796942,0.1626314569651991
2019,12,65+,22604,53749084.99540048,11340485.058600007,0.210989360276002,0.20658325114171955
2020,1,16-24,12024,37519397.00269984,20480856.027399935,0.5458738056458148,0.14458256678105758
2020,1,25-54,43670,125954110.01140246,104775202.11100192,0.8318521888767009,0.4853694349288676
2020,1,55-64,16411,42237579.997100055,27594454.735499818,0.6533152405368489,0.16276428243666985
2020,1,65+,22295,53790440.994699866,11152559.378500054,0.20733348104729146,0.20728371585340505
2020,2,16-24,12140,37511564.99639997,20772361.536799934,0.5537588618015132,0.1444818117437871
2020,2,25-54,44157,125966350.9826998,104607306.8658008,0.8304384944846703,0.4851796135533376
2020,2,55-64,16505,42232679.00840007,27838335.28449989,0.6591657441140036,0.16266593991781067
2020,2,65+,22137,53917690.010199994,11281834.490300024,0.20924179964248762,0.20767263478506465
2020,3,16-24,10509,37503686.00330005,19987717.09759996,0.5329534034558947,0.14437923495894311
2020,3,25-54,38715,125979445.00550085,104065836.1327,0.826054092619284,0.4849874193391545
2020,3,55-64,14956,42228633.993400164,27850044.847399868,0.6595061742170609,0.16256903038255624
2020,3,65+,20481,54046405.99770006,10867103.917399997,0.20106987165552592,0.20806431531934613
2020,4,16-24,10066,37497439.992100045,17960966.9349,0.4789918175396511,0.14427844132585352
2020,4,25-54,37310,125997086.9949994,100449531.71799958,0.7972369370887618,0.48479745089441734
2020,4,55-64,14518,42225629.9938002,27281360.077000048,0.646085329715759,0.1624710401774419
2020,4,65+,20368,54176190.99399916,10568184.164799966,0.19507063842806066,0.2084530676022873
2020,5,16-24,9603,37487744.99819974,18950182.70560005,0.5055034040193692,0.14415769952192564
2020,5,25-54,35838,126029086.00390133,101426076.06770037,0.8047830805069922,0.4846400633605945
2020,5,55-64,13943,42218213.00169975,27461380.36119986,0.6504628786655237,0.16234853455559828
2020,5,65+,20106,54311732.00969993,10365702.194500009,0.19085567355223954,0.2088537025618816
2020,6,16-24,9004,37479121.00150014,20785598.582699962,0.5545914105581078,0.1440372875490051
2020,6,25-54,33970,126064550.98010007,102436058.07059978,0.8125683015106272,0.4844829732941201
2020,6,55-64,13441,42211915.999499895,27482966.166000202,0.6510712796435444,0.16222605334236773
2020,6,65+,19720,54448707.998500325,10517038.614800008,0.1931549710066523,0.20925368581450715
2020,7,16-24,9318,37472001.004299894,21661814.11340006,0.5780799939377237,0.14391679266959242
2020,7,25-54,34720,126105146.00200105,102353541.33400042,0.8116523756483044,0.48432556749921407
2020,7,55-64,13613,42207415.005299725,27559216.747700017,0.6529472782031208,0.16210385438824404
2020,7,65+,19986,54588117.98780012,10718291.849299964,0.19634844073018584,0.20965378544294952
2020,8,16-24,9752,37470802.0037998,20498075.478700057,0.5470412796774782,0.14380972138587192
2020,8,25-54,36440,126126640.00230068,102637212.1180002,0.8137631519885726,0.48406321690759874
2020,8,55-64,14209,42196256.994699776,27575677.453399956,0.6535100366097331,0.16194561198127178
2020,8,65+,20433,54764500.004799046,10800218.421999972,0.19721203372720544,0.21018144972525765
2020,9,16-24,11500,37469410.00189973,19995940.366100043,0.5336604009800591,0.14370273851864926
2020,9,25-54,41012,126147524.99410076,102435219.9808008,0.8120271878944207,0.48380118069868044
2020,9,55-64,15438,42184910.994800225,27438471.744500093,0.6504333207644364,0.16178763513519206
2020,9,65+,21733,54940644.988500044,11016892.077399991,0.20052353006969617,0.21070844564747807
2020,10,16-24,11901,37467703.9902002,20493023.287799865,0.5469516705149555,0.14359572526771888
2020,10,25-54,42230,126167456.01090163,103126585.83780171,0.8173786576856313,0.4835392997608561
2020,10,55-64,15612,42173293.00129985,27421032.20840017,0.6501989827437713,0.16162998931115732
2020,10,65+,22035,55116473.003199615,10976796.106799982,0.1991563594093323,0.21123498566026777
2020,11,16-24,11696,37469473.99670011,20082583.962599866,0.5359718677761133,0.14351460150010087
2020,11,25-54,41608,126187073.00120033,102694622.00190015,0.8138283863745955,0.48331843403583147
2020,11,55-64,15360,42154744.9967002,27263993.736100025,0.6467597832280614,0.16146000421763596
2020,11,65+,21832,55273458.999699906,11081861.138400039,0.2004915440240533,0.2117069602464317
2020,12,16-24,11180,37468908.0012,20103526.447100032,0.5365388936997093,0.14343283009318744
2020,12,25-54,40073,126199295.99510154,102743241.2099009,0.8141348206402744,0.4830971369586099
2020,12,55-64,14888,42133911.985300325,27186217.00629986,0.6452336307102123,0.16129069570843502
2020,12,65+,21389,55427534.00060011,10873252.74920005,0.1961706026662187,0.2121793372397677
2021,1,16-24,11386,37345947.00169969,19952743.41640005,0.534267973322298,0.14316957448235018
2021,1,25-54,41209,126069301.99729815,102422710.11409895,0.8124318013301447,0.4832997894368194
2021,1,55-64,15119,42055019.998399965,26920643.96850007,0.6401291443809632,0.1612222958958203
2021,1,65+,21458,55380872.9908999,10521628.681800006,0.18998668878926672,0.21230834018501016
2021,2,16-24,11185,37325106.00029985,19923837.094100002,0.5337918422506274,0.14305281381119048
2021,2,25-54,40861,126072490.99829929,102530617.02879958,0.8132671625420863,0.48318749801669186
2021,2,55-64,14885,42016935.99500015,27395697.3858,0.6520155917380549,0.16103479844802523
2021,2,65+,21389,55503829.99340015,10331914.246500041,0.18614777120297082,0.21272488972409231
2021,3,16-24,10808,37306051.002600215,19864350.888599966,0.5324699440103009,0.14293340798690865
2021,3,25-54,39979,126083084.99800025,102786036.36190023,0.8152246303580728,0.4830713662781183
2021,3,55-64,14691,41982133.00249981,27308650.08869997,0.6504826728807201,0.16084922374090802
2021,3,65+,21179,55631750.01130044,10499949.515699994,0.18874023401325946,0.213146001994065
2021,4,16-24,11382,37289548.99640021,19961528.30409995,0.5353116044934456,0.14281569608730674
2021,4,25-54,41334,126101366.98719923,102324385.63189967,0.8114454908509183,0.48295715524948624
2021,4,55-64,15034,41949441.006299466,27383029.07889999,0.6527626691089384,0.16066267302847828
2021,4,65+,21743,55762238.999299616,10672448.943100011,0.19139204477126642,0.21356447563472877
2021,5,16-24,11124,37274255.007000215,20197000.746999986,0.5418485424646832,0.14269838778428562
2021,5,25-54,40865,126110819.99769977,102327104.06199954,0.811406222430922,0.48279464451928916
2021,5,55-64,14974,41932518.01209998,27490748.445200246,0.6555949832840364,0.16053178567723023
2021,5,65+,21791,55892470.99140023,10722958.248999942,0.1918497797431394,0.21397518201919508
2021,6,16-24,10582,37262137.997900024,21958359.390999958,0.5892941353026351,0.1425819386542613
2021,6,25-54,39100,126130509.00830072,102423101.27150057,0.812040655958663,0.48263286714427933
2021,6,55-64,14539,41918815.98920026,27228542.514499992,0.6495541887804038,0.1604005129863524
2021,6,65+,21525,56026953.00309956,10610888.782399988,0.18938900321445226,0.214384681215107
2021,7,16-24,10664,37250274.00500012,22783491.638999876,0.6116328603634335,0.14246510964595935
2021,7,25-54,39061,126151312.99859887,102817890.08739945,0.8150362262859795,0.48247056212028705
2021,7,55-64,14549,41905624.00310006,27143659.70320001,0.647733099051144,0.1602696752668887
2021,7,65+,21455,56162239.98780015,10546883.890299994,0.18779314878806547,0.21479465296686492
2021,8,16-24,10796,37240111.00470003,21372316.896999925,0.5739058321899887,0.14234913469006355
2021,8,25-54,39342,126158976.98860031,103158686.4248,0.817688038435199,0.48223865942409144
2021,8,55-64,14322,41866068.00210005,27110459.93840001,0.6475520924735545,0.16003170753766408
2021,8,65+,21481,56345924.99770037,10898906.708400011,0.1934284814535359,0.21538049834818096
2021,9,16-24,10435,37231944.98899998,20459599.383200042,0.5495173402637102,0.1422338857757577
2021,9,25-54,38512,126173019.99730161,103295533.56630191,0.8186816291510739,0.48200755882027346
2021,9,55-64,13911,41828475.9893001,27250617.853200186,0.6514848367932651,0.15979360406215332
2021,9,65+,21004,56532204.994999856,11091483.281900007,0.19619760599964256,0.21596495134181545
2021,10,16-24,10772,37221735.999900125,20659935.912099995,0.5550503048045752,0.14211773149993973
2021,10,25-54,39182,126180765.9885996,103512567.14399965,0.8203513929639006,0.48177560072084336
2021,10,55-64,14201,41789068.9952003,27155116.25099988,0.6498138605126329,0.15955644000882355
2021,10,65+,21151,56716183.99559971,11085202.697000032,0.19545043259363273,0.21655022777039326
2021,11,16-24,10308,37206837.00320003,20577738.145299938,0.5530633561656992,0.1419953485815884
2021,11,25-54,38050,126185701.02170013,103744828.44270033,0.8221599404900826,0.48157231427781294
2021,11,55-64,13743,41755558.00029996,27041640.84919989,0.6476177578325173,0.15935498663757372
2021,11,65+,20773,56880466.000699915,11187821.5874,0.19669004799050582,0.21707735050302496
2021,12,16-24,10312,37189810.99920007,20278839.461099874,0.5452794439190901,0.1418723276600508
2021,12,25-54,37925,126183896.99530151,103457622.58500049,0.8198956051329811,0.481368490426708
2021,12,55-64,13632,41720004.99570022,27036662.465600062,0.64805031706939,0.15915418927125632
2021,12,65+,20671,57042050.99270053,11228546.0112,0.19684681416236027,0.2176049926419848
2022,1,16-24,10381,37879055.99759992,20239681.60289994,0.534323812192742,0.14391602122018954
2022,1,25-54,38138,127187937.98869999,104304077.33039975,0.8200783736242869,0.483232263858257
2022,1,55-64,13770,42360294.00480031,27648658.714399893,0.6527022383571445,0.1609418400309285
2022,1,65+,20732,55775207.99539932,10811593.400900012,0.19384227848673946,0.21190987489062488
2022,2,16-24,10498,37888430.0028997,20278731.946699984,0.5352222814497196,0.14388517486880514
2022,2,25-54,38215,127189799.00839953,104757479.13809988,0.8236311398776702,0.4830162260735307
2022,2,55-64,13833,42328906.990799986,27790339.101300094,0.6565333498297088,0.16074833884408835
2022,2,65+,20926,55916934.99719913,11020551.887499979,0.1970879106312246,0.2123502602135759
2022,3,16-24,10111,37897209.99640011,20486140.287400052,0.5405712000790045,0.14385291418012486
2022,3,25-54,37134,127190464.99850078,105031154.86300191,0.8257785272208883,0.48279857666824366
2022,3,55-64,13682,42297527.012699775,27870360.221999943,0.658912286139847,0.16055594921017663
2022,3,65+,20484,56058956.99599982,10887235.966599984,0.1942104625203223,0.21279255994145485
2022,4,16-24,10583,37905683.002699934,20260616.300199922,0.5345007580725245,0.14382216468847112
2022,4,25-54,38449,127189307.00110042,104707576.83019985,0.8232419792120885,0.48258308541286105
2022,4,55-64,13937,42265117.00340013,27753716.86370002,0.6566577554125143,0.16036277773460897
2022,4,65+,21040,56199290.00790007,10855648.051899994,0.19316343765862504,0.2132319721640589
2022,5,16-24,10713,37917586.0009998,20764997.36050004,0.5476350039781677,0.14380226844802307
2022,5,25-54,39324,127190970.01270021,104981235.58530101,0.8253827734375991,0.4823711618521415
2022,5,55-64,14143,42223685.00130013,27697537.78649984,0.655971590012738,0.1601331288669491
2022,5,65+,21248,56346395.00530022,11026965.446899986,0.1956995730758416,0.2136934408328863
2022,6,16-24,10212,37934602.99770005,22714700.01200003,0.5987857580419969,0.14378178671559727
2022,6,25-54,37854,127209954.00449872,104467696.49689883,0.82122265756974,0.4821580570089191
2022,6,55-64,13724,42188228.9982999,27435491.406800024,0.6503115219154049,0.1599041103477504
2022,6,65+,21217,56501764.00919982,10882644.010899989,0.19260715486914776,0.21415604592773324
2022,7,16-24,10136,37954460.99419993,23283816.76480016,0.6134671960789619,0.1437606185402781
2022,7,25-54,37313,127238756.99980044,104666399.61889894,0.8225984133047064,0.48194393832605764
2022,7,55-64,13600,42156246.993199974,27450285.366300102,0.6511558149549693,0.15967577945594585
2022,7,65+,21163,56662065.98410003,11015423.923499975,0.19440561744767687,0.21461966367771843
2022,8,16-24,10328,37977420.99689994,22191335.93939989,0.5843297242646189,0.1437538017042479
2022,8,25-54,37939,127239979.99220009,105556645.07050037,0.8295870926494258,0.48163435990412035
2022,8,55-64,13677,42111585.993900485,27279680.62850005,0.6477951372444459,0.15940262459930366
2022,8,65+,21445,56854781.00550001,11213927.943100007,0.19723808173696414,0.21520921379232807
2022,9,16-24,10132,38000297.00109981,21022684.004800107,0.5532242025421976,0.1437468723028712
2022,9,25-54,37468,127240992.99349913,105398278.71529932,0.8283358706630357,0.4813250478278547
2022,9,55-64,13531,42066889.00609956,27566257.411799822,0.655295841054536,0.1591299068521448
2022,9,65+,21340,57047465.00270005,11651102.119299935,0.20423522971175825,0.21579817301712936
2022,10,16-24,10223,38024056.99989997,21044611.688400112,0.5534551899197783,0.14373913738446778
2022,10,25-54,37280,127245379.00009961,105485958.2247994,0.8289963773436269,0.4810149799029101
2022,10,55-64,13395,42023538.9948,27548804.439400014,0.6555565070997211,0.1588580420277349
2022,10,65+,21056,57242194.00509999,11766864.426400019,0.20556277813795276,0.21638784068488723
2022,11,16-24,10059,38045216.003100194,21146881.353699993,0.55583549195717,0.1437253118836442
2022,11,25-54,36792,127258604.01309931,105272909.32969938,0.827236084711908,0.4807511817036195
2022,11,55-64,13225,41984234.00379999,27436538.263699956,0.6534962210151715,0.15860593683842786
2022,11,65+,21022,57419780.00370041,11388089.3271,0.19833042422604363,0.21691756957430844
2022,12,16-24,10002,38061108.9959998,20947339.758999914,0.5503607307186311,0.1437112494343241
2022,12,25-54,36224,127254517.9985992,105197247.40979984,0.8266680748494748,0.48048799050136515
2022,12,55-64,13147,41939231.00420013,27609869.214499798,0.6583303640387379,0.15835427413746123
2022,12,65+,20914,57589468.007799886,11283394.67160004,0.1959280934852849,0.21744648592684956
2023,1,16-24,10026,39259561.999999925,21827042.437499993,0.5559675484280755,0.1476135813845072
2023,1,25-54,36492,127656119.00200166,106166446.82720163,0.8316596780255942,0.4799792955288789
2023,1,55-64,13276,41582122.00069984,27203337.55610008,0.6542075355279425,0.15634626667742307
2023,1,65+,20996,57463916.99469995,11184075.13579996,0.19462778941490355,0.2160608564091908
2023,2,16-24,9691,39277057.005900025,22060710.209200002,0.561669124188356,0.14759601496904987
2023,2,25-54,35819,127703101.9954988,106932772.56859949,0.8373545426670105,0.4798849605990187
2023,2,55-64,13003,41544498.98080019,27169723.292699985,0.6539908762711637,0.15611664826442495
2023,2,65+,20719,57587248.996700265,11167185.718900023,0.19391767992841435,0.21640237616750652
2023,3,16-24,9700,39295425.99929997,21965353.299799986,0.558979900108254,0.1475763290898003
2023,3,25-54,35310,127753951.99220079,107091893.8511998,0.8382667790796611,0.4797876287703164
2023,3,55-64,12800,41508744.00249996,27259017.49380019,0.6567054279493124,0.15588857759491742
2023,3,65+,20586,57713754.00169959,11274826.418599976,0.1953577030921944,0.2167474645449658
2023,4,16-24,10060,39315797.0068001,21648457.34130005,0.5506300009015641,0.1475578961614521
2023,4,25-54,36843,127810600.99939965,106963012.66659886,0.836886860950613,0.4796917480101
2023,4,55-64,13262,41474539.00539964,27038868.34800005,0.6519389725942418,0.15565996840517696
2023,4,65+,21157,57842255.99639992,11347525.879600056,0.19618055492694342,0.21709038742327091
2023,5,16-24,10263,39322728.99449989,21983298.937999986,0.5590481510343499,0.14748702235618397
2023,5,25-54,37150,127868223.98960052,106711956.75779954,0.8345463276824614,0.4795929502460921
2023,5,55-64,13419,41447223.00490009,27225641.881499883,0.6568749341368694,0.1554553222076846
2023,5,65+,21190,57980055.00039973,11321110.635999972,0.19525870811819548,0.21746470519003933
2023,6,16-24,10241,39330843.00290011,23612695.12350002,0.6003607683099726,0.147416452737874
2023,6,25-54,36806,127929534.00500043,106585602.54580098,0.8331586867316724,0.47949437803903167
2023,6,55-64,13379,41421058.99410003,27221006.763800062,0.657177953071586,0.1552508189337867
2023,6,65+,21212,58119469.00170052,11276423.671699954,0.1940214503916066,0.2178383502893076
2023,7,16-24,10218,39341802.995399825,24065896.196900107,0.611713098144335,0.1473462992208746
2023,7,25-54,36855,127999806.99399981,106429517.2774004,0.8314818574874059,0.4793958696747426
2023,7,55-64,13323,41397761.00289994,27253022.29889992,0.6583211661372418,0.15504644971458956
2023,7,65+,21550,58262943.98560018,11444614.059300004,0.19643041144863133,0.2182113813897932
2023,8,16-24,10504,39358203.00279981,23152009.55620008,0.5882384811764176,0.1472913599964168
2023,8,25-54,37336,128051332.01210001,106795366.74049948,0.834004340778025,0.4792102637428141
2023,8,55-64,13351,41364498.99320012,27346296.028400037,0.6611054574333288,0.15479958045456116
2023,8,65+,21671,58439216.00030032,11549001.23330001,0.19762416445218325,0.21869879580620794
2023,9,16-24,10280,39375268.998900026,21990607.29850006,0.5584877984989609,0.14723706423118557
2023,9,25-54,36612,128104735.99400058,107209628.95720065,0.836890440664282,0.4790256859551778
2023,9,55-64,12942,41331694.99970014,27573587.11069988,0.6671293570442715,0.15455278366795727
2023,9,65+,21500,58615996.99729988,11781323.619899971,0.2009916101988792,0.2191844661456794
2023,10,16-24,10510,39392262.99879999,22129186.015399903,0.5617647814768608,0.1471826216506467
2023,10,25-54,37612,128158037.99670054,107155873.5042,0.8361229243144215,0.4788411373708637
2023,10,55-64,13065,41298914.00429963,27489461.013900068,0.6656218856272622,0.1543065051800298
2023,10,65+,21884,58792865.00269929,11789464.569500057,0.20052543057663172,0.21966973579845978
2023,11,16-24,10149,39398432.0017002,22048254.813400023,0.5596226472273961,0.14710676889772512
2023,11,25-54,36902,128204349.99530046,107046909.44830008,0.834970962001087,0.4786923420106632
2023,11,55-64,12878,41265637.002799906,27457172.423799925,0.6653761923495071,0.15407858174981012
2023,11,65+,21478,58953600.999100134,11815321.020999972,0.20041729123858473,0.22012230734180152
2023,12,16-24,10089,39402937.00420006,21697312.498100087,0.550652163207715,0.14703077586636373
2023,12,25-54,36674,128245497.99320008,106741534.27669962,0.8323218822259113,0.4785438981185206
2023,12,55-64,12732,41230717.99490042,27176589.321499914,0.6591345153111625,0.15385108109254061
2023,12,65+,21385,59111930.996900395,11518152.329500033,0.19485325779839607,0.22057424492257507
2024,1,16-24,10073,38804556.99250033,21281886.84670002,0.5484378252485429,0.14504195936802075
2024,1,25-54,36773,128438178.9967998,106858255.47339995,0.8319820189607521,0.480070553130056
2024,1,55-64,12858,41388819.999899834,27199580.54050013,0.6571721672801002,0.15470130350608063
2024,1,65+,21219,58908659.00500028,11435163.745100053,0.19411685715217886,0.22018618399584267
2024,2,16-24,10111,38841998.998500176,21249842.449199915,0.5470841614001495,0.14508921389789994
2024,2,25-54,36828,128477853.98769942,107466418.46810007,0.8364586979977809,0.47991224239216584
2024,2,55-64,12992,41354932.0051999,27439548.550500073,0.6635133276739488,0.15447594691682176
2024,2,65+,21228,59036356.002399646,11625126.931499977,0.19691471016651926,0.22052259679311245
2024,3,16-24,9708,38879068.005300224,21861217.646299943,0.5622875950452231,0.14513386550833077
2024,3,25-54,35171,128517667.00510122,107601168.51580042,0.8372480688707914,0.47975084680579305
2024,3,55-64,12376,41321731.00570004,27625049.090199962,0.668535620794523,0.1542522199743862
2024,3,65+,20737,59165723.997900076,11771935.166199995,0.19896545450230285,0.22086306771149
2024,4,16-24,10147,38917780.00460001,21590583.6105,0.5547742858906143,0.14517993910387356
2024,4,25-54,36629,128562009.99520177,107514666.1974011,0.8362864441946248,0.47959119918887594
2024,4,55-64,12877,41289626.00230022,27569764.41309989,0.6677164964285217,0.1540279375629116
2024,4,65+,21421,59296408.00099982,11687408.712800004,0.1971014620751216,0.22120092414433887
2024,5,16-24,10288,38941365.99670004,21723047.15839999,0.557839885746197,0.14516940943453438
2024,5,25-54,36732,128607505.00970007,107595483.49780038,0.836619009829054,0.47943555839025265
2024,5,55-64,13011,41266162.993799925,27298061.847100046,0.6615119959469329,0.1538360136608157
2024,5,65+,21488,59432705.991199784,11768151.6346,0.19800800650642617,0.2215590185143973
2024,6,16-24,10024,38966298.00199998,23481271.016799957,0.6026046152907509,0.1451592318278521
2024,6,25-54,36372,128657249.00319906,107521328.6467989,0.8357191645231384,0.47928051654869835
2024,6,55-64,12824,41243976.99589969,27119315.49569982,0.6575339594044461,0.15364415726490405
2024,6,65+,21510,59570780.00020012,11671594.044100054,0.19592817223579823,0.2219160943585453
2024,7,16-24,10116,38993407.9993001,23708779.378900044,0.6080201909852454,0.1451488915576136
2024,7,25-54,36463,128714242.00870064,108069590.45730087,0.8396086460268767,0.47912533204526936
2024,7,55-64,12945,41224161.99830004,26937440.17360002,0.6534381505368342,0.1534526404963667
2024,7,65+,21710,59712388.99899964,11856964.675900012,0.1985679165524369,0.2222731359007504
2024,8,16-24,10359,39018959.00150008,22154576.744100045,0.5677900515810357,0.14512971085980134
2024,8,25-54,37092,128750648.99609996,108015817.43180041,0.8389535763433111,0.4788837257574554
2024,8,55-64,12921,41195095.002899885,27244898.62900008,0.6613626847342433,0.15322377581582994
2024,8,65+,21645,59891058.9957001,12214473.040299993,0.20394484995125792,0.22276278756691326
2024,9,16-24,10290,39046444.00579986,21290378.935099978,0.5452578199422605,0.1451109290667647
2024,9,25-54,36730,128793249.00070013,108377145.87710036,0.841481573902303,0.47864302360652095
2024,9,55-64,12746,41167902.99889993,27474362.438799776,0.6673733767671852,0.152995049972117
2024,9,65+,21669,60072371.00270056,12230838.208100012,0.2036017224549065,0.22325099735459725
2024,10,16-24,10310,39071527.997500226,21598801.90659999,0.5528015671151092,0.14509157123317099
2024,10,25-54,36658,128828344.98919946,107968028.2317998,0.8380766534014814,0.4784022522755665
2024,10,55-64,12666,41138446.007900044,27376213.016000103,0.6654654142925792,0.15276704227587595
2024,10,65+,21615,60250432.00189957,12411090.867300002,0.20599173242290952,0.22373913421538658
2024,11,16-24,10126,39086452.999300115,21625776.388400037,0.5532806056560637,0.14505303356466573
2024,11,25-54,36721,128853989.00949968,107650864.02709997,0.835448439389513,0.4781877238405517
2024,11,55-64,12666,41114857.99629996,27481075.708999973,0.6683976802613077,0.152580610910142
2024,11,65+,21573,60407889.00069984,11923222.852199988,0.1973785717302893,0.22417863168464058
2024,12,16-24,10150,39101426.99520002,21661955.293600038,0.5539939832952694,0.1450145720396466
2024,12,25-54,36670,128879798.00020187,107389411.25400087,0.8332524795998878,0.47797357252075834
2024,12,55-64,12552,41091301.004399814,27519260.405300055,0.6697101267821493,0.15239437247230975
2024,12,65+,21415,60565390.00570013,11850809.032699984,0.1956696560789032,0.22461748296728537
