"date","CPIAUCSL","UNRATE","inflation","period"
2015-01-01,234.747,5.7,-0.229930978205428,"2015-2019: Before COVID"
2015-02-01,235.342,5.5,-0.0870314629352054,"2015-2019: Before COVID"
2015-03-01,235.976,5.4,-0.0220312844238735,"2015-2019: Before COVID"
2015-04-01,236.222,5.4,-0.104030989393911,"2015-2019: Before COVID"
2015-05-01,237.001,5.6,0.0350332182442958,"2015-2019: Before COVID"
2015-06-01,237.657,5.3,0.179571809755052,"2015-2019: Before COVID"
2015-07-01,238.034,5.2,0.225686111040946,"2015-2019: Before COVID"
2015-08-01,238.033,5.1,0.241303798534487,"2015-2019: Before COVID"
2015-09-01,237.498,5,0.00884296163417009,"2015-2019: Before COVID"
2015-10-01,237.733,5,0.127616560670507,"2015-2019: Before COVID"
2015-11-01,238.017,5.1,0.436318216918519,"2015-2019: Before COVID"
2015-12-01,237.761,5,0.638724751536479,"2015-2019: Before COVID"
2016-01-01,237.652,4.8,1.23750250269439,"2015-2019: Before COVID"
2016-02-01,237.336,4.9,0.847277579012662,"2015-2019: Before COVID"
2016-03-01,238.08,5,0.891616096552195,"2015-2019: Before COVID"
2016-04-01,238.992,5.1,1.17262575035348,"2015-2019: Before COVID"
2016-05-01,239.557,4.8,1.07847646212462,"2015-2019: Before COVID"
2016-06-01,240.222,4.9,1.07928653479594,"2015-2019: Before COVID"
2016-07-01,240.101,4.8,0.868363343051826,"2015-2019: Before COVID"
2016-08-01,240.545,4.9,1.05531585956569,"2015-2019: Before COVID"
2016-09-01,241.176,5,1.54864462016522,"2015-2019: Before COVID"
2016-10-01,241.741,4.9,1.68592496624365,"2015-2019: Before COVID"
2016-11-01,242.026,4.7,1.68433347197889,"2015-2019: Before COVID"
2016-12-01,242.637,4.7,2.05079891151199,"2015-2019: Before COVID"
2017-01-01,243.618,4.7,2.51039334825711,"2015-2019: Before COVID"
2017-02-01,244.006,4.6,2.81036168132942,"2015-2019: Before COVID"
2017-03-01,243.892,4.4,2.44119623655914,"2015-2019: Before COVID"
2017-04-01,244.193,4.4,2.1762234719154,"2015-2019: Before COVID"
2017-05-01,244.004,4.4,1.85634316676198,"2015-2019: Before COVID"
2017-06-01,244.163,4.3,1.64056580995913,"2015-2019: Before COVID"
2017-07-01,244.243,4.3,1.72510735065661,"2015-2019: Before COVID"
2017-08-01,245.183,4.4,1.92812155729698,"2015-2019: Before COVID"
2017-09-01,246.435,4.3,2.18056523037118,"2015-2019: Before COVID"
2017-10-01,246.626,4.2,2.02075775313248,"2015-2019: Before COVID"
2017-11-01,247.284,4.2,2.17249386429557,"2015-2019: Before COVID"
2017-12-01,247.805,4.1,2.12993071955225,"2015-2019: Before COVID"
2018-01-01,248.859,4,2.15131886806395,"2015-2019: Before COVID"
2018-02-01,249.529,4.1,2.26346893109186,"2015-2019: Before COVID"
2018-03-01,249.577,4,2.33094976464994,"2015-2019: Before COVID"
2018-04-01,250.227,4,2.4709963021053,"2015-2019: Before COVID"
2018-05-01,250.792,3.8,2.7819216078425,"2015-2019: Before COVID"
2018-06-01,251.018,4,2.80755069359402,"2015-2019: Before COVID"
2018-07-01,251.214,3.8,2.85412478556193,"2015-2019: Before COVID"
2018-08-01,251.663,3.8,2.64292385687426,"2015-2019: Before COVID"
2018-09-01,252.182,3.7,2.33205510580883,"2015-2019: Before COVID"
2018-10-01,252.772,3.8,2.49203247021805,"2015-2019: Before COVID"
2018-11-01,252.594,3.8,2.14732857766777,"2015-2019: Before COVID"
2018-12-01,252.767,3.9,2.00238090434011,"2015-2019: Before COVID"
2019-01-01,252.561,4,1.48758935782913,"2015-2019: Before COVID"
2019-02-01,253.319,3.8,1.51886153513219,"2015-2019: Before COVID"
2019-03-01,254.277,3.8,1.8831863513064,"2015-2019: Before COVID"
2019-04-01,255.233,3.7,2.00058347020906,"2015-2019: Before COVID"
2019-05-01,255.296,3.6,1.79591055536061,"2015-2019: Before COVID"
2019-06-01,255.213,3.6,1.67119489439005,"2015-2019: Before COVID"
2019-07-01,255.802,3.7,1.82633133503707,"2015-2019: Before COVID"
2019-08-01,256.036,3.6,1.73764121066664,"2015-2019: Before COVID"
2019-09-01,256.43,3.5,1.68449770403916,"2015-2019: Before COVID"
2019-10-01,257.155,3.6,1.73397369961863,"2015-2019: Before COVID"
2019-11-01,257.879,3.6,2.09229039486292,"2015-2019: Before COVID"
2019-12-01,258.63,3.6,2.31952746996245,"2015-2019: Before COVID"
2020-01-01,259.127,3.6,2.5997679768452,"2020-2021: Disruption"
2020-02-01,259.25,3.5,2.34131667975952,"2020-2021: Disruption"
2020-03-01,258.076,4.4,1.49403996429092,"2020-2021: Disruption"
2020-04-01,256.032,14.8,0.313047294041113,"2020-2021: Disruption"
2020-05-01,255.802,13.2,0.198201303584855,"2020-2021: Disruption"
2020-06-01,257.042,11,0.716656283183048,"2020-2021: Disruption"
2020-07-01,258.352,10.2,0.9968647625898,"2020-2021: Disruption"
2020-08-01,259.316,8.4,1.28106984955239,"2020-2021: Disruption"
2020-09-01,259.997,7.8,1.39102289123738,"2020-2021: Disruption"
2020-10-01,260.319,6.9,1.23038634286716,"2020-2021: Disruption"
2020-11-01,260.911,6.7,1.17574521384058,"2020-2021: Disruption"
2020-12-01,262.045,6.7,1.32041913157794,"2020-2021: Disruption"
2021-01-01,262.687,6.4,1.37384371370024,"2020-2021: Disruption"
2021-02-01,263.579,6.2,1.66981677917069,"2020-2021: Disruption"
2021-03-01,264.961,6.1,2.66781878206419,"2020-2021: Disruption"
2021-04-01,266.614,6.1,4.13307711536057,"2020-2021: Disruption"
2021-05-01,268.383,5.8,4.91825708946763,"2020-2021: Disruption"
2021-06-01,270.654,5.9,5.29563262035,"2020-2021: Disruption"
2021-07-01,271.903,5.4,5.24516938130923,"2020-2021: Disruption"
2021-08-01,272.676,5.1,5.15201530179397,"2020-2021: Disruption"
2021-09-01,273.91,4.7,5.35121559094913,"2020-2021: Disruption"
2021-10-01,276.55,4.5,6.23504239029806,"2020-2021: Disruption"
2021-11-01,278.919,4.1,6.90197040370086,"2020-2021: Disruption"
2021-12-01,280.845,3.9,7.17434028506554,"2020-2021: Disruption"
2022-01-01,282.543,4,7.55880572696783,"2022-2024: Inflation and cooling"
2022-02-01,284.5,3.9,7.93727876651782,"2022-2024: Inflation and cooling"
2022-03-01,287.674,3.7,8.57220496601385,"2022-2024: Inflation and cooling"
2022-04-01,288.561,3.7,8.23175077077723,"2022-2024: Inflation and cooling"
2022-05-01,291.298,3.6,8.53817119564206,"2022-2024: Inflation and cooling"
2022-06-01,294.957,3.6,8.9793611031058,"2022-2024: Inflation and cooling"
2022-07-01,294.913,3.5,8.4625767277301,"2022-2024: Inflation and cooling"
2022-08-01,295.097,3.6,8.22257917821883,"2022-2024: Inflation and cooling"
2022-09-01,296.349,3.5,8.19210689642582,"2022-2024: Inflation and cooling"
2022-10-01,298.007,3.6,7.758813957693,"2022-2024: Inflation and cooling"
2022-11-01,298.786,3.6,7.12285645653399,"2022-2024: Inflation and cooling"
2022-12-01,298.832,3.5,6.40460040235715,"2022-2024: Inflation and cooling"
2023-01-01,300.42,3.5,6.3271785179601,"2022-2024: Inflation and cooling"
2023-02-01,301.45,3.6,5.95782073813709,"2022-2024: Inflation and cooling"
2023-03-01,301.821,3.5,4.91771936288996,"2022-2024: Inflation and cooling"
2023-04-01,302.845,3.4,4.95007987912437,"2022-2024: Inflation and cooling"
2023-05-01,303.334,3.6,4.13185123138504,"2022-2024: Inflation and cooling"
2023-06-01,304.014,3.6,3.0706170729971,"2022-2024: Inflation and cooling"
2023-07-01,304.609,3.5,3.2877492684283,"2022-2024: Inflation and cooling"
2023-08-01,306.082,3.7,3.72250480350529,"2022-2024: Inflation and cooling"
2023-09-01,307.276,3.7,3.68720663811926,"2022-2024: Inflation and cooling"
2023-10-01,307.696,3.9,3.25126590986118,"2022-2024: Inflation and cooling"
2023-11-01,308.148,3.7,3.13334627459119,"2022-2024: Inflation and cooling"
2023-12-01,308.741,3.8,3.31590994271029,"2022-2024: Inflation and cooling"
2024-01-01,309.698,3.7,3.08834298648557,"2022-2024: Inflation and cooling"
2024-02-01,310.967,3.9,3.1570741416487,"2022-2024: Inflation and cooling"
2024-03-01,312.345,3.9,3.48683491208366,"2022-2024: Inflation and cooling"
2024-04-01,313.023,3.9,3.36079512621967,"2022-2024: Inflation and cooling"
2024-05-01,313.175,3.9,3.24427858400311,"2022-2024: Inflation and cooling"
2024-06-01,313.044,4.1,2.97025794864709,"2022-2024: Inflation and cooling"
2024-07-01,313.569,4.2,2.9414757935583,"2022-2024: Inflation and cooling"
2024-08-01,314.062,4.2,2.60714449069204,"2022-2024: Inflation and cooling"
2024-09-01,314.732,4.1,2.42648303154167,"2022-2024: Inflation and cooling"
2024-10-01,315.631,4.1,2.57884405387134,"2022-2024: Inflation and cooling"
2024-11-01,316.528,4.2,2.71947246128483,"2022-2024: Inflation and cooling"
2024-12-01,317.604,4.1,2.87069096750998,"2022-2024: Inflation and cooling"
